<?xml version="1.0" encoding="UTF-8"?>

<beans xmlns="http://www.springframework.org/schema/beans"
	xmlns:xsi="http://www.w3.org/2001/XMLSchema-instance" xmlns:c="http://www.springframework.org/schema/c"
	xmlns:p="http://www.springframework.org/schema/p" xmlns:context="http://www.springframework.org/schema/context"
	xmlns:mvc="http://www.springframework.org/schema/mvc" xmlns:aop="http://www.springframework.org/schema/aop"
	xmlns:cache="http://www.springframework.org/schema/cache" xmlns:task="http://www.springframework.org/schema/task"
	xsi:schemaLocation="http://www.springframework.org/schema/beans http://www.springframework.org/schema/beans/spring-beans-3.2.xsd
		http://www.springframework.org/schema/context http://www.springframework.org/schema/context/spring-context-4.0.xsd
		http://www.springframework.org/schema/mvc http://www.springframework.org/schema/mvc/spring-mvc-4.0.xsd
		http://www.springframework.org/schema/aop http://www.springframework.org/schema/aop/spring-aop-4.0.xsd
		http://www.springframework.org/schema/cache http://www.springframework.org/schema/cache/spring-cache-4.0.xsd
		http://www.springframework.org/schema/task http://www.springframework.org/schema/task/spring-task-4.0.xsd">

    <context:component-scan base-package="com.agr"/>

    <!-- Enables Spring MVC annotations -->
	<mvc:annotation-driven />
	<task:annotation-driven />
	
	<!-- Context scan and autowired configuration -->
	<context:annotation-config>
		<prop key="default-autowire">byName</prop>
	</context:annotation-config>
	
	<!-- <cache:annotation-driven />
	<bean id="cacheManager" class="org.springframework.cache.ehcache.EhCacheCacheManager">
		<property name="cacheManager">
			<ref local="ehcache" />
		</property>
	</bean>
	<bean id="ehcache"
		class="org.springframework.cache.ehcache.EhCacheManagerFactoryBean"
		p:configLocation="classpath:ehcache.xml" />-->
		
	<bean id="multipartResolver"
		class="org.springframework.web.multipart.commons.CommonsMultipartResolver">
		<!-- one of the properties available; the maximum file size in bytes -->
		<property name="maxUploadSize" value="10000000" />
		<property name="defaultEncoding">
			<value>utf-8</value>
		</property>
	</bean>
	
	<!-- Define static resources paths. -->
	<mvc:resources mapping="/bigbang/**" location="/bigbang/" />

	<bean id="viewResolver"
		class="org.springframework.web.servlet.view.InternalResourceViewResolver">
		<property name="viewClass"
			value="org.springframework.web.servlet.view.JstlView"></property>
		<property name="contentType" value="text/html;charset=UTF-8" />
	</bean>
	
	<bean id="localeResolver"
		class="org.springframework.web.servlet.i18n.CookieLocaleResolver">
		<property name="defaultLocale" value="es" />
	</bean>

</beans>
